Country (or dependency),Population (2020),Yearly Change,Net Change,Density (P/Km²),Land Area (Km²),Migrants (net),Fert. Rate,Med. Age,Urban Pop %,World Share,Income group,HCI,Health_exp_pct_GDP,Health_exp_public_pct,Health_exp_out_of_pocket_pct,Health_exp_per_capita_USD,Health_exp_per_capita_exp_PPP,External_health_exp_pct,Physicians_per_1000,Nurse_midwife_per_1000,Specialist_surgical_per_1000,Completeness_of_birth_reg,TotalCases,TotalDeaths,TotalRecovered,ActiveCases,TotalTests,Continent,WHO Region,death_rate
China,1439323775.9999998,0.39000000000000007,5540090.0,153.0,9388211.0,-348399.0,1.6999999999999997,38.0,60.99999999999999,18.47,Upper middle income,0.65310263633728,5.0,58.0,35.9,398.3,761.5,0.0,1.8,2.3,40.1,91.96000000000001,98896.99999999999,4636.0,93355.0,905.9999999999994,160000000.0,Asia,WesternPacific,0.0003220957005854394
India,1380004385.0,0.9900000000000001,13586631.0,464.0,2973190.0,-532687.0,2.2,28.0,35.0,17.7,Lower middle income,0.49351090192794794,3.7,25.4,64.6,62.7,241.5,1.0,0.8,2.1,6.8,79.7,34605439.0,469532.0,34028506.0,107401.0,642412315.0,Asia,South-EastAsia,0.03402394985868107
United States,331002651.0,0.5899999999999999,1937734.0,36.0,9147420.0,954806.0,1.8000000000000003,38.0,82.99999999999999,4.25,High income,0.7017643451690669,17.1,81.8,11.1,9869.7,9869.7,0.0,2.6,8.6,54.7,100.0,49573122.00000001,805004.0,39318563.0,9449555.0,755496996.0,North America,Americas,0.24320167755997824
Indonesia,273523615.0,1.0699999999999998,2898047.0,151.0,1811570.0,-98954.99999999999,2.3,30.000000000000004,56.0,3.51,Lower middle income,0.540038466453552,3.1,44.7,37.3,111.6,362.7,0.4,0.4,2.1,4.839999999999999,72.0,4256687.0,143840.0,4104963.9999999995,7883.0,54746617.0,Asia,South-EastAsia,0.05258778113180465
Pakistan,220892340.0,2.0000000000000004,4327022.0,287.0,770880.0,-233379.0,3.6000000000000005,23.0,35.0,2.83,Lower middle income,0.406070023775101,2.8,27.9,65.2,39.6,144.1,4.1,1.0,0.5,5.5,42.2,1285631.0,28745.0,1242718.0,14168.0,22072293.0,Asia,EasternMediterranean,0.013013126666139714
Brazil,212559417.0,0.7199999999999999,1509890.0,25.0,8358139.999999999,21200.00000000002,1.6999999999999997,33.0,88.00000000000001,2.73,Upper middle income,0.551497936248779,11.8,33.2,43.6,1015.9,1777.5,0.1,2.1,9.7,55.5,96.0,22105872.0,615020.0,21339118.0,151734.0,63776166.0,South America,Americas,0.28934027420671743
Nigeria,206139589.0,2.5799999999999996,5175990.0,226.0,910770.0,-59999.99999999999,5.4,17.999999999999996,51.99999999999999,2.64,Lower middle income,0.360609829425812,3.6,12.999999999999998,75.2,79.29999999999998,213.7,9.8,0.4,1.5000000000000002,1.4,47.0,214270.0,2978.0,207311.99999999997,3979.9999999999995,3479682.0,Africa,Africa,0.0014446521478220277
Bangladesh,164689383.0,1.01,1643222.0,1265.0,130170.0,-369501.0,2.1,28.0,39.0,2.11,Lower middle income,0.46403643488884,2.4,18.0,71.9,34.2,90.60000000000001,7.6000000000000005,0.5,0.3,2.9,20.2,1576566.0,27983.0,1541348.0,7235.0,10907602.0,Asia,South-EastAsia,0.01699138067691953
Russia,145934462.0,0.04000000000000008,62205.99999999999,9.0,16376870.0,182455.99999999997,1.8000000000000003,40.0,73.99999999999999,1.87,Upper middle income,0.681419610977173,5.3,57.0,40.5,469.1000000000001,1329.3,0.26,4.0,8.6,63.10000000000001,100.0,9669718.0,276419.0,8364932.0,1028367.0,225500000.0,Europe,Europe,0.18941310791963586
Mexico,128932753.0,1.06,1357224.0000000002,66.0,1943950.0,-59999.99999999999,2.1,29.0,84.0,1.65,Upper middle income,0.612949848175049,5.5,52.1,40.4,461.8,971.8,1.48,2.2,2.8999999999999995,19.300000000000004,95.0,3891218.0000000005,294428.0,3248012.0,348778.0,11883217.0,North America,Americas,0.22835780137262715
Japan,126476460.99999999,-0.3,-383840.0,347.0,364555.0,71560.00000000003,1.4,48.0,92.0,1.62,High income,0.804714262485504,10.9,83.6,13.5,4233.0,4592.4,0.0,2.4,11.5,37.4,100.0,1727304.0,18360.0,1708079.0,864.9999999999995,27926519.0,Asia,WesternPacific,0.01451653521519708
Ethiopia,114963588.0,2.57,2884858.0,115.00000000000001,1000000.0,30000.00000000004,4.299999999999999,19.0,21.0,1.47,Low income,0.382784843444824,4.0,27.600000000000005,37.4,27.5,69.5,15.3,0.1,0.8000000000000002,0.5,2.7,371672.0,6771.0,349124.0,15777.000000000002,3877539.0,Africa,Africa,0.005889690916744874
Philippines,109581078.0,1.35,1464463.0,368.0,298170.0,-67152.00000000004,2.6,25.999999999999996,47.0,1.41,Lower middle income,0.51596212387085,4.4,31.5,53.9,129.4,342.3,2.2,1.3,0.20000000000000004,9.6,91.8,2833038.0,48712.0,2768999.0,15327.000000000002,24238501.000000004,Asia,WesternPacific,0.04445293009437268
Egypt,102334404.0,1.9399999999999997,1946331.0,103.0,995450.0,-38033.00000000004,3.3,25.0,43.0,1.31,Lower middle income,0.49437466263771107,4.6,29.3,62.0,131.0,516.3,1.0,0.8,1.3999999999999997,50.1,99.4,359516.0,20537.0,298084.0,40895.000000000015,3693367.0,Africa,EasternMediterranean,0.0200685196739896
Vietnam,97338578.99999999,0.9100000000000001,876473.0000000002,314.0,310070.0,-80000.00000000004,2.1,32.0,38.0,1.25,Lower middle income,0.689964532852173,5.7,47.400000000000006,44.6,122.8,356.3,2.3,0.8,1.3999999999999997,14.78,96.0,1252590.0,25447.999999999996,992052.0,235089.99999999997,68597022.0,Asia,WesternPacific,0.026143796489981636
DR Congo,89561403.0,3.19,2770836.0,40.0,2267050.0,23861.0,6.0,17.0,46.0,1.15,Low income,0.366369277238846,3.9,12.3,37.4,20.5,34.5,43.4,0.1,0.5,0.2,24.599999999999998,58306.0,1107.0,50930.0,6269.0,306299.0,Africa,Africa,0.0012360235133877927
Turkey,84339067.0,1.09,909452.0000000001,109.99999999999999,769630.0,283922.0,2.1,32.0,76.0,1.08,Upper middle income,0.649261832237244,4.3,78.4,16.5,468.6,1089.2,1.68,1.8,2.6,47.6,99.00000000000001,8818144.0,77038.0,8350494.0,390612.0,108036172.0,Asia,Europe,0.09134319686035891
Iran,83992949.0,1.2999999999999996,1079043.0,51.99999999999999,1628550.0,-55000.0,2.2,32.0,76.0,1.08,Lower middle income,0.593404471874237,8.1,54.5,38.8,415.40000000000003,1563.8,0.0,1.1,1.9,5.0,99.00000000000001,6121757.0,129912.0,5892574.0,99271.0,38439240.0,Asia,EasternMediterranean,0.1546701259411668
Germany,83783942.0,0.32,266896.99999999994,240.0,348560.0,543822.0,1.6,46.0,76.0,1.07,High income,0.751162469387054,11.1,84.7,12.4,4714.3,5463.3,0.0,4.2,13.2,108.0,100.0,5953310.0,102552.0,4937600.0,913158.0,83816414.0,Europe,Europe,0.12240054305394225
Thailand,69799978.0,0.24999999999999997,174396.0,137.0,510890.0,19444.000000000033,1.5,40.0,50.99999999999999,0.9,Upper middle income,0.6093109846115111,3.7,78.1,12.1,221.9,635.0,0.2,0.8,3.0000000000000004,13.1,100.0,2125729.0,20845.0,2031156.0,73728.0,14913135.0,Asia,South-EastAsia,0.029863906260830055
United Kingdom,67886011.0,0.5300000000000002,355839.0,281.0,241930.0,260649.99999999997,1.8000000000000003,40.0,82.99999999999999,0.87,High income,0.782942950725555,9.8,80.2,15.1,3958.0,4177.8,0.0,2.8,8.3,133.3,100.0,10276007.0,145140.0,9095983.0,1034884.0,363637864.0,Europe,Europe,0.21379957057721363
France,65273511.0,0.21999999999999997,143783.00000000006,119.0,547557.0,36526.999999999985,1.9,42.0,82.0,0.84,High income,0.7627372145652769,11.5,82.9,9.8,4263.4,4782.3,0.0,3.2,9.7,58.6,100.0,7725113.999999999,119227.0,7137416.0,468471.0,162981031.0,Europe,Europe,0.1826575561409589
Italy,60461826.0,-0.1499999999999999,-88249.00000000001,206.0,294140.0,148942.99999999997,1.3,47.0,69.0,0.7800000000000001,High income,0.727819681167603,8.9,74.5,23.1,2738.7,3427.3,0.30000000000000004,4.1,5.9,142.4,100.0,5043620.0,133931.0,4709906.0,199783.0,119905510.0,Europe,Europe,0.22151332313383987
Tanzania,59734218.0,2.98,1728755.0000000002,67.0,885800.0,-40076.00000000001,4.9,17.999999999999996,37.0,0.7699999999999999,Lower middle income,0.389834702014923,4.1,40.6,21.9,35.5,112.0,36.4,0.0,0.4000000000000001,0.5,26.4,26270.0,730.0,102143.0,6651.599999999998,1216515.5999999999,Africa,Africa,0.001222080114951869
South Africa,59308690.0,1.28,750420.0000000001,49.0,1213090.0,145404.99999999997,2.4,28.0,66.99999999999999,0.76,Upper middle income,0.425453394651413,8.1,53.699999999999996,7.8,428.2,1071.3,1.9000000000000001,0.9,3.5,11.4,89.0,2976613.0,89871.0,2850142.0,36600.0,19529031.0,Africa,Africa,0.15153091393520915
Myanmar,54409800.0,0.67,364380.00000000006,83.0,653290.0,-163313.0,2.2,29.0,31.0,0.7,Lower middle income,0.477652013301849,5.1,20.1,74.0,62.1,291.1,5.9,0.9,1.0,2.4,81.3,522825.0,19111.0,498050.0,5664.0,5605747.0,Asia,South-EastAsia,0.03512418718686707
Kenya,53771296.0,2.28,1197323.0000000002,94.0,569140.0,-9999.999999999984,3.5,20.0,28.0,0.69,Lower middle income,0.546752512454987,4.5,36.2,27.7,66.2,143.5,19.5,0.2,1.5000000000000002,2.4,66.9,255164.0,5335.0,248350.0,1479.0000000000007,2839918.0,Africa,Africa,0.009921650391316587
South Korea,51269185.0,0.08999999999999996,43876.999999999985,527.0,97230.0,11731.00000000003,1.1,44.00000000000001,82.0,0.66,High income,0.798776268959045,7.3,59.2,33.3,2043.9,2711.7,0.0,2.4,7.0,49.599999999999994,97.36,457612.0,3705.0,400584.99999999994,53322.00000000001,15804065.0,Asia,WesternPacific,0.007226563090480177
Colombia,50882890.99999999,1.08,543448.0,46.0,1109500.0,204796.00000000012,1.8000000000000003,31.0,80.0,0.65,Upper middle income,0.60433030128479,5.9,62.3,20.2,340.4,829.8,2.1,2.1,1.3,22.7,96.8,5071817.0,128586.0,4911593.0,31638.000000000007,28160705.0,South America,Americas,0.2527096976467002
Spain,46754778.0,0.04000000000000008,18002.000000000007,94.0,498800.0,40000.00000000002,1.3,45.0,80.0,0.6,High income,0.728255033493042,9.0,71.2,23.8,2389.9,3259.8,0.08,4.1,5.5,79.9,100.0,5174720.0,88080.0,4924551.0,162089.0,66213858.00000001,Europe,Europe,0.18838716333975533
Uganda,45741007.0,3.3199999999999994,1471413.0,229.0,199810.0,168694.0000000001,5.0,17.0,25.999999999999996,0.5900000000000001,Low income,0.384176582098007,6.2,16.6,40.3,37.6,117.1,40.4,0.1,0.6,1.1,32.2,127550.99999999999,3252.0,97559.0,26740.0,1963048.0,Africa,Africa,0.007109594242208091
Argentina,45195774.0,0.93,415097.0,17.0,2736690.0,4800.000000000028,2.3,32.0,93.0,0.58,Upper middle income,0.6021447181701659,7.5,74.4,15.8,955.2000000000002,1530.9999999999998,0.6,4.0,2.6,50.1,100.0,5332629.0,116597.0,5194780.0,21252.0,26260861.0,South America,Americas,0.2579820847851837
Algeria,43851044.0,1.85,797990.0,18.0,2381740.0,-9999.999999999984,3.1000000000000005,29.0,73.0,0.56,Lower middle income,0.534556448459625,6.6,67.7,30.9,260.4,998.2,0.0,1.8,2.2,12.1,100.0,210723.00000000003,6076.0,144602.0,60045.0,230861.0,Africa,Africa,0.01385599850256701
Sudan,43849260.0,2.42,1036022.0,25.0,1765048.0,-50000.00000000001,4.4,20.0,35.0,0.56,Low income,0.377445191144943,5.7,19.5,73.9,152.0,297.9,2.2,0.4,0.8000000000000002,2.7,67.0,43229.0,3159.0,32905.0,7165.000000000001,238579.0,Africa,EasternMediterranean,0.0072042264795346605
Ukraine,43733762.0,-0.5899999999999999,-259875.99999999997,75.0,579320.0,9999.999999999984,1.4,41.0,69.0,0.56,Lower middle income,0.631387114524841,6.7,42.4,54.300000000000004,141.2,534.2,0.8,3.0,7.1,86.6,100.0,3450341.0,86532.0,2972192.0,391616.99999999994,15917165.0,Europe,Europe,0.19786086547962647
Iraq,40222493.0,2.32,912710.0000000001,93.0,434320.0,7834.000000000023,3.7,21.0,73.0,0.52,Upper middle income,0.4076432883739469,3.3,21.1,78.5,152.6,493.7,0.4,0.8,1.7,7.6,99.00000000000001,2082061.0000000002,23844.0,2046224.0,11993.0,16363327.999999998,Asia,EasternMediterranean,0.05928026390606868
Afghanistan,38928346.0,2.3299999999999996,886592.0000000001,60.0,652860.0,-62919.99999999996,4.6,17.999999999999996,25.0,0.5,Low income,0.400284141302109,10.2,5.1,77.4,57.2,162.79999999999998,17.5,0.3,0.3,0.0,42.3,157359.0,7309.000000000001,140581.0,9469.0,793150.0,Asia,EasternMediterranean,0.018775521569809314
Poland,37846611.0,-0.10999999999999999,-41157.0,123.99999999999999,306230.0,-29395.000000000036,1.4,42.0,60.00000000000001,0.49,High income,0.753088593482971,6.5,69.7,22.9,809.0,1784.4,0.2,2.4,5.7,67.9,100.0,3569137.0,84153.0,3048528.0,436456.0,24433048.0,Europe,Europe,0.2223528019457277
Canada,37742154.0,0.89,331107.00000000006,4.0,9093510.0,242031.99999999988,1.5,41.0,80.99999999999999,0.48,High income,0.7975201010704042,10.5,73.4,14.6,4458.2,4718.3,0.52,2.6,9.9,43.9,100.0,1795628.9999999998,29714.0,1739899.0,26016.0,48895594.99999999,North America,Americas,0.07872894588899192
Morocco,36910560.0,1.2,438790.99999999994,83.0,446300.0,-51419.000000000044,2.4,30.000000000000004,64.0,0.47,Lower middle income,0.504116356372833,5.8,46.900000000000006,48.60000000000001,171.5,465.7,0.7,0.7,1.1,3.7,96.0,950088.0,14779.000000000002,932421.0,2888.0,10458391.0,Africa,EasternMediterranean,0.04004003190414884
Saudi Arabia,34813871.0,1.59,545343.0000000001,16.0,2149690.0,134978.99999999997,2.3,32.0,84.0,0.45,High income,0.576390504837036,5.7,67.8,14.3,1147.3000000000002,3117.2,0.0,2.4,5.7,34.26,99.6,549786.0,8837.0,538939.0,2009.999999999999,31538438.0,Asia,EasternMediterranean,0.025383560477948576
Uzbekistan,33469203.0,1.4800000000000002,487487.00000000006,79.0,425400.0,-8862.999999999998,2.4,28.0,50.0,0.42999999999999994,Lower middle income,0.622805714607239,6.3,46.1,52.2,135.1,416.9,1.2,2.4,12.1,50.4,98.62,193424.0,1406.0,190028.0,1990.0000000000007,1377915.0,Asia,Europe,0.004200876847889087
Peru,32971854.0,1.4199999999999997,461401.0,25.999999999999996,1280000.0,99069.0,2.3,31.0,78.99999999999999,0.42,Upper middle income,0.6051926612854,5.1,64.1,28.3,316.4,681.0,0.3,1.3,1.3999999999999997,42.9,98.0,2236351.0,201176.0,2214753.6,29657.399999999998,20314089.0,South America,Americas,0.6101446403347535
Angola,32866272.0,3.2700000000000005,1040977.0000000001,25.999999999999996,1246700.0,6413.0000000000155,5.6,17.0,66.99999999999999,0.42,Lower middle income,0.362405389547348,2.9,44.1,35.2,95.2,185.8,3.6,0.2,1.3,1.2000000000000002,25.0,65183.0,1735.0,63257.0,191.0000000000001,1179270.0,Africa,Africa,0.005278968055762454
Malaysia,32365999.000000004,1.2999999999999996,416222.0,99.0,328550.0,50000.00000000001,2.0,30.000000000000004,78.0,0.42,Upper middle income,0.610976159572601,3.8,50.5,37.6,361.5,1052.5,0.0,1.5,4.1,11.4,86.62,2638221.0,30474.0,2544007.0,63740.0,37882464.0,Asia,WesternPacific,0.09415436242212082
Mozambique,31255435.0,2.93,889399.0000000002,40.0,786380.0,-4999.999999999992,4.9,17.999999999999996,38.0,0.4,Low income,0.362116664648056,5.1,53.3,7.700000000000001,19.2,61.6,38.1,0.1,0.4000000000000001,0.5,55.0,151594.0,1940.9999999999998,149538.0,115.00000000000048,979501.0,Africa,Africa,0.006210119935940741
Ghana,31072940.000000004,2.15,655084.0000000001,137.0,227540.0,-9999.999999999984,3.8999999999999995,22.000000000000004,57.0,0.4,Lower middle income,0.450056403875351,4.4,38.4,37.8,67.5,189.4,12.8,0.2,1.2,1.6800000000000002,70.5,130920.0,1209.0,129042.0,669.0000000000003,1933408.0,Africa,Africa,0.003890845217736075
Yemen,29825964.0,2.28,664042.0,56.00000000000001,527970.0,-30000.00000000004,3.8,20.0,38.0,0.38,Low income,0.372784405946732,5.6,10.2,81.0,72.0,144.5,7.799999999999999,0.3,0.6999999999999998,0.8,30.7,10006.0,1949.9999999999998,6892.0,1164.0000000000011,265253.0,Asia,EasternMediterranean,0.006537927826909467
Nepal,29136808.000000004,1.85,528098.0,203.0,143350.0,41709.999999999985,1.9,25.0,21.0,0.37,Lower middle income,0.504601776599884,6.3,18.6,55.4,45.5,156.0,11.7,0.7,2.7,3.0,56.199999999999996,821651.0,11529.0,803168.0,6953.999999999999,4633479.0,Asia,South-EastAsia,0.03956850729839727
Venezuela,28435940.000000004,-0.27999999999999997,-79889.00000000003,32.0,882050.0,-653249.0,2.3,30.000000000000004,88.00000000000001,0.36,Upper middle income,0.5967124104499818,3.2,24.1,40.00000000000001,1578.4,940.0,0.0,1.6199999999999999,1.8399999999999999,18.1,81.0,432514.0,5161.0,419724.0,7628.999999999999,3359014.0,South America,Americas,0.01814956706196454
Madagascar,27691018.0,2.68,721710.9999999999,48.0,581795.0,-1500.000000000042,4.1,20.0,39.0,0.36,Low income,0.391991019248962,6.0,47.70000000000001,22.399999999999995,24.1,90.4,25.1,0.2,0.10000000000000002,0.8,83.0,44330.0,967.0000000000001,42915.0,447.9999999999996,283728.0,Africa,Africa,0.0034921070796313813
Cameroon,26545863.0,2.59,669483.0,56.00000000000001,472710.0,-4800.000000000028,4.6,19.0,56.0,0.34,Lower middle income,0.397401511669159,4.7,13.3,69.5,64.5,169.30000000000004,9.3,0.1,0.9000000000000002,1.2,66.0,106794.00000000001,1791.0,102716.0,2287.0,1751773.9999999998,Africa,Africa,0.006746813995084658
Côte d'Ivoire,26378274.0,2.57,661729.9999999999,83.0,318000.0,-7999.999999999987,4.699999999999999,19.0,50.99999999999999,0.34,Lower middle income,0.379889339208603,4.4,25.8,40.1,67.6,162.6,15.0,0.2,0.9000000000000002,2.8,72.0,61758.0,704.0,60797.0,256.9999999999995,1151972.0,Africa,Africa,0.0026688630196198583
Australia,25499884.0,1.1799999999999997,296685.99999999994,3.0,7682300.0,158246.0000000001,1.8000000000000003,38.0,85.99999999999999,0.33,High income,0.770239531993866,9.3,68.3,18.9,5002.4,4529.9,0.0,3.6,12.7,45.1,100.0,213339.0,2021.0,192746.0,18572.0,48247926.0,Australia/Oceania,WesternPacific,0.007925526249452744
Niger,24206644.000000004,3.84,895929.0000000001,19.0,1266700.0,3999.9999999999936,7.0,15.000000000000002,17.0,0.31,Low income,0.31568518280983,6.2,24.299999999999997,58.5,22.7,61.4,13.0,0.1,0.3,0.4,63.89999999999999,7007.0,259.0,6613.0,134.9999999999999,188729.0,Africa,Africa,0.0010699541828268304
Sri Lanka,21413249.0,0.42000000000000004,89516.00000000001,341.0,62710.0,-97986.00000000003,2.2,34.0,18.0,0.27,Lower middle income,0.598324298858643,3.9,43.1,50.1,153.1,491.5,1.1,1.0,2.1,2.8,65.94,564733.0,14372.0,540783.0,9578.0,5661108.0,Asia,South-EastAsia,0.06711732535310265
Burkina Faso,20903273.0,2.86,581895.0,76.0,273600.0,-24999.99999999996,5.199999999999999,17.999999999999996,31.0,0.27,Low income,0.38369193673133895,6.8,40.1,31.4,40.9,115.6,23.5,0.1,0.6,0.6,76.9,16000.0,286.0,15345.0,368.99999999999994,234250.0,Africa,Africa,0.001368206787520787
Mali,20250833.0,3.0199999999999996,592801.9999999999,17.0,1220190.0,-40000.00000000002,5.9,16.0,44.00000000000001,0.26,Low income,0.318269580602646,3.8,31.600000000000005,35.3,29.8,81.2,32.2,0.1,0.4000000000000001,1.1,86.7,17500.0,610.0,15175.0,1714.9999999999998,490532.0,Africa,Africa,0.003012221768852669
Romania,19237691.0,-0.66,-126865.99999999999,84.0,230170.0,-73998.99999999999,1.6,43.0,55.0,0.25,Upper middle income,0.584187865257263,5.0,78.2,20.7,476.4,1152.2,0.0,2.3,6.1,60.5,99.80000000000001,1780808.0000000002,56618.00000000001,1689184.0000000002,35006.0,16037036.0,Europe,Europe,0.2943076692519908
Malawi,19129952.0,2.6900000000000004,501205.00000000006,203.0,94280.0,-16052.999999999993,4.299999999999999,17.999999999999996,18.0,0.25,Low income,0.413240641355515,9.8,28.0,11.400000000000002,29.6,115.2,53.8,0.0,0.3,0.4,67.2,61926.00000000001,2306.0,58807.0,813.0000000000005,442618.0,Africa,Africa,0.012054395118189528
Chile,19116201.0,0.8699999999999998,164162.99999999997,25.999999999999996,743532.0,111707.99999999999,1.6999999999999997,35.0,85.0,0.25,High income,0.651604175567627,8.5,58.5,34.8,1190.5,2002.0,0.0,1.1,0.9000000000000002,59.3,99.00000000000001,1764274.0,38356.0,1658430.0,67488.00000000001,25644143.0,South America,Americas,0.20064656152129812
Kazakhstan,18776707.0,1.21,225280.00000000006,7.000000000000001,2699700.0,-17999.99999999997,2.8,31.0,57.999999999999986,0.24,Upper middle income,0.628506422042847,3.5,58.8,35.6,262.0,858.7999999999998,1.2,3.3,8.5,73.2,100.0,973045.0,12716.0,938335.0,21994.0,11575012.0,Asia,Europe,0.06772220496384163
Zambia,18383955.0,2.93,522924.9999999999,25.0,743390.0,-7999.999999999987,4.699999999999999,17.999999999999996,45.00000000000001,0.24,Lower middle income,0.396927535533905,4.5,38.3,12.1,56.49999999999999,175.2,42.5,0.1,0.9000000000000002,1.5,11.3,210195.0,3667.0,206413.0,115.00000000000048,2726556.0,Africa,Africa,0.01994674160157594
Guatemala,17915568.0,1.9,334095.99999999994,167.0,107160.0,-9215.00000000002,2.9,23.0,51.99999999999999,0.23,Upper middle income,0.46127009391784696,5.8,37.2,53.3,241.4,462.4,0.9,0.4,0.9000000000000002,3.4,96.0,618436.0,15956.0,601096.0,1383.9999999999998,3128305.0,North America,Americas,0.08906220556334021
Ecuador,17643054.0,1.5499999999999996,269392.00000000006,71.0,248360.0,36400.000000000044,2.4,28.0,62.99999999999999,0.23,Upper middle income,0.594254851341248,8.4,51.2,40.5,504.80000000000007,942.8999999999999,0.4,2.1,1.2,59.4,82.0,526870.0,33250.0,443880.0,49740.0,2013368.0,South America,Americas,0.1884594356509933
Syria,17500658.0,2.5200000000000005,430523.0,95.0,183630.0,-427390.99999999994,2.8,25.999999999999996,60.00000000000001,0.22,Low income,0.4360372662544252,6.0,23.759999999999998,68.18,147.36,501.78000000000003,5.96,1.2,1.5000000000000002,3.78,62.64000000000001,48267.0,2755.0,29272.0,16240.000000000002,103566.0,Asia,EasternMediterranean,0.015742265233684355
Netherlands,17134872.0,0.21999999999999997,37741.999999999985,507.99999999999994,33720.0,15999.999999999975,1.6999999999999997,43.0,92.0,0.22,High income,0.789915025234222,10.4,81.0,11.5,4742.0,5251.2,0.0,3.5,11.1,49.0,100.0,2661691.0,19459.0,2120287.0,521945.0,19205114.0,Europe,Europe,0.11356373131938191
Senegal,16743927.0,2.75,447563.00000000006,87.0,192530.0,-19999.999999999967,4.699999999999999,19.0,49.0,0.21,Lower middle income,0.420110791921616,5.5,34.6,51.8,52.6,141.7,6.2,0.1,0.3,1.1,77.4,73990.0,1884.9999999999998,72093.0,12.000000000000265,875252.0,Africa,Africa,0.011257813056638383
Cambodia,16718965.0,1.4099999999999995,232423.00000000006,95.0,176520.0,-30000.00000000004,2.5,25.999999999999996,24.0,0.21,Lower middle income,0.491589874029159,6.1,21.8,58.599999999999994,77.7,228.6,18.9,0.2,1.0,4.2,73.3,120160.0,2944.0,116529.0,686.9999999999998,2719826.0,Asia,WesternPacific,0.01760874551744082
Chad,16425864.0,3.0,478988.00000000006,12.999999999999998,1259200.0,1999.9999999999968,5.799999999999999,17.0,23.0,0.21,Low income,0.299782782793045,4.5,18.9,61.2,31.7,95.00000000000001,14.599999999999998,0.0,0.4000000000000001,0.3,12.0,5105.0,175.0,4874.0,56.000000000000206,148082.0,Africa,Africa,0.001065392968065485
Somalia,15893221.999999998,2.92,450317.0,25.0,627340.0,-40000.00000000002,6.1,17.0,47.0,0.2,Low income,0.4422031462192536,4.68,34.62,49.120000000000005,110.90000000000002,296.64,12.779999999999998,0.0,0.10000000000000002,0.2,89.62,23016.0,1327.0,12046.0,9643.0,262137.99999999997,Africa,EasternMediterranean,0.008349471240004073
Zimbabwe,14862924.000000002,1.4800000000000002,217455.99999999997,38.0,386850.0,-116857.99999999997,3.6000000000000005,19.0,38.0,0.19,Lower middle income,0.46689310669899,9.4,46.5,21.2,93.9,185.0,25.4,0.1,1.2,1.6,38.0,135337.0,4707.0,128784.0,1845.9999999999995,1599473.0000000002,Africa,Africa,0.03166940771546702
Guinea,13132795.0,2.8300000000000005,361549.00000000006,53.0,245720.0,-3999.9999999999936,4.699999999999999,17.999999999999996,39.0,0.17,Low income,0.37094247341156,5.5,12.3,49.8,37.5,107.7,27.199999999999996,0.1,0.4000000000000001,0.9,62.0,30770.0,387.0,29725.0,658.0000000000001,569940.0,Africa,Africa,0.002946821297370438
Rwanda,12952218.0,2.5799999999999996,325267.99999999994,525.0,24670.0,-8999.999999999985,4.1,20.0,18.0,0.17,Low income,0.379552751779556,6.8,33.9,6.400000000000001,48.099999999999994,130.4,50.6,0.1,0.8000000000000002,0.8,56.0,100362.0,1343.0,45522.0,53497.00000000001,3488714.0,Africa,Africa,0.01036888044966507
Benin,12123200.0,2.73,322048.99999999994,108.0,112760.0,-1999.9999999999968,4.9,19.0,48.0,0.16,Lower middle income,0.400290727615356,3.9,20.5,43.49999999999999,30.4,83.5,30.5,0.2,0.6,1.9,85.6,24863.0,161.0,24546.0,156.00000000000037,604310.0,Africa,Africa,0.0013280322027187542
Burundi,11890784.0,3.12,360204.0,463.00000000000006,25680.0,2000.9999999999836,5.5,17.0,14.0,0.15,Low income,0.386170625686646,6.2,29.1,30.5,18.5,50.300000000000004,38.6,0.1,0.6999999999999998,0.4,83.5,20415.0,38.0,773.0,19604.0,345742.0,Africa,Africa,0.0003195752273357249
Tunisia,11818619.0,1.06,123899.99999999997,76.0,155360.0,-3999.9999999999936,2.2,33.0,69.99999999999999,0.15,Lower middle income,0.516809940338135,7.0,56.599999999999994,39.9,256.5,806.3,0.1,1.3,2.6,11.5,99.00000000000001,717710.0,25376.0,691184.0,1150.0000000000007,3180395.0,Africa,EasternMediterranean,0.2147120573055109
Bolivia,11673021.0,1.39,159921.0,11.0,1083300.0,-9503.999999999976,2.8,25.999999999999996,69.0,0.15,Lower middle income,0.5868205189704896,6.9,65.7,27.999999999999996,213.0,496.3,3.2,1.6,0.6999999999999998,33.9,92.0,538647.0,19188.0,493941.0,25518.0,2593083.0,South America,Americas,0.1643790412096406
Belgium,11589622.999999998,0.43999999999999995,50294.99999999998,383.0,30280.0,48000.00000000001,1.6999999999999997,42.0,98.0,0.15,High income,0.76041966676712,10.0,84.1,15.9,4149.4,4667.9,0.0,3.3,11.1,89.8,100.0,1786443.9999999998,27071.999999999996,1345928.0,413444.0,24849495.000000004,Europe,Europe,0.23358827116291875
Haiti,11402527.999999998,1.24,139451.00000000003,414.0,27560.0,-35000.00000000003,3.0,24.0,57.0,0.15,Lower middle income,0.44656491279602095,5.4,15.3,41.699999999999996,37.7,95.39999999999999,38.4,0.2,0.6999999999999998,5.9,84.8,25350.999999999996,746.0,21503.0,3102.0000000000005,132422.0,North America,Americas,0.006542408841267481
Cuba,11326616.0,-0.05999999999999997,-6866.999999999988,106.0,106440.0,-14399.999999999995,1.6,42.0,78.0,0.15,Upper middle income,0.6154842972755433,12.2,89.6,10.3,970.6000000000003,2457.7,0.1,8.2,7.8,100.90000000000002,100.0,962628.0000000001,8305.0,953566.0,756.9999999999992,11116221.0,North America,Americas,0.07332287066145793
Dominican Republic,10847910.0,1.01,108952.00000000004,225.0,48320.0,-30000.00000000004,2.4,28.0,85.0,0.14,Upper middle income,0.502766907215118,6.2,45.699999999999996,44.6,414.2,936.8,0.6,1.6,0.3,14.88,88.0,407474.00000000006,4210.0,400650.0,2614.0,2464049.0,North America,Americas,0.03880931903011732
Czech Republic,10708981.0,0.1799999999999999,19772.000000000022,139.0,77240.0,22010.999999999996,1.6,43.0,73.99999999999999,0.14,High income,0.752257406711578,7.1,81.9,15.0,1321.6,2484.6,0.28,4.3,8.4,124.49999999999999,100.0,2172084.0,33186.0,1860920.0,277978.0,43809304.0,Europe,Europe,0.3098894283218917
Greece,10423054.0,-0.48000000000000004,-50400.99999999998,81.0,128900.0,-15999.999999999975,1.3,46.0,85.0,0.13,High income,0.690006494522095,8.5,60.7,34.3,1510.7,2261.2,0.3,4.6,3.4,163.5,100.0,945095.0,18234.0,850711.0,76150.0,36708282.0,Europe,Europe,0.17493913012443377
Jordan,10203134.0,0.9999999999999999,101440.0,115.00000000000001,88780.0,10220.000000000042,2.8,24.0,91.0,0.13,Upper middle income,0.553174376487732,5.5,63.20000000000001,27.999999999999996,223.5,494.8,5.7,2.3,3.4,24.5,98.0,958990.0,11633.0,890366.0,56991.00000000001,12220357.0,Asia,EasternMediterranean,0.11401398825106089
Portugal,10196709.0,-0.29000000000000004,-29477.999999999978,111.0,91590.0,-5999.99999999999,1.3,46.0,66.0,0.13,High income,0.768949568271637,9.1,66.4,27.8,1800.9000000000003,2778.4000000000005,0.28,3.3,6.400000000000001,86.1,100.0,1151919.0,18458.0,1077683.0,55778.00000000001,21283107.0,Europe,Europe,0.18101918962284794
Azerbaijan,10139177.0,0.9100000000000001,91459.00000000003,123.0,82658.0,1199.9999999999623,2.1,32.0,56.0,0.13,Upper middle income,0.577767550945282,6.9,20.0,78.9,268.2,1193.1,0.4,3.4,7.0,67.6,99.46000000000001,590113.0,7884.000000000001,556716.0,25513.0,5551849.0,Asia,Europe,0.07775779040054238
Sweden,10099265.0,0.63,62886.000000000044,25.0,410340.0,40000.00000000002,1.9,41.0,88.00000000000001,0.13,High income,0.7953571081161501,10.9,83.5,15.199999999999998,5710.6,5386.7,0.0,5.4,11.5,113.1,100.0,1207498.0,15128.0,1159123.0,33247.0,13708481.000000002,Europe,Europe,0.14979307900129366
Honduras,9904607.0,1.63,158490.0,89.0,111890.0,-6800.000000000025,2.5,24.0,57.0,0.13,Lower middle income,0.481023132801056,8.4,45.89999999999999,45.0,199.59999999999997,400.3,3.1,0.3,0.9000000000000002,13.699999999999998,93.6,377976.0,10409.0,120636.0,246931.0,1121382.0,North America,Americas,0.1050925089708254
United Arab Emirates,9890402.0,1.23,119873.00000000001,118.00000000000001,83600.0,40000.00000000002,1.4,33.0,85.99999999999999,0.13,High income,0.673011898994446,3.5,72.5,18.6,1323.1,2546.2,0.0,2.4,5.599999999999999,34.26,100.0,742109.0,2148.0,737024.0000000001,2937.0,101637361.0,Asia,EasternMediterranean,0.02171802521272644
Hungary,9660351.0,-0.24999999999999997,-24328.000000000004,106.99999999999999,90530.0,5999.99999999999,1.5,43.0,71.99999999999999,0.12,High income,0.683087289333344,7.4,65.9,29.7,942.6000000000001,1963.2,0.0,3.2,6.6,55.699999999999996,100.0,1114260.0,34713.0,891691.0,187856.0,8474664.0,Europe,Europe,0.3593347695130332
Tajikistan,9537645.0,2.32,216627.00000000003,68.0,139960.0,-19999.999999999967,3.6000000000000005,22.000000000000004,27.0,0.12,Lower middle income,0.504116356372833,7.0,28.6,66.1,55.7,208.5,5.1,1.7,5.2,41.7,95.8,17095.0,124.0,16966.0,5.00000000000011,4543023.2,Asia,Europe,0.001300111295817783
Belarus,9449323.0,-0.029999999999999985,-3088.00000000002,47.0,202910.0,8729.999999999958,1.6999999999999997,40.0,78.99999999999999,0.12,Upper middle income,0.700078189373016,6.3,61.4,35.8,318.0,1151.4,0.2,4.1,11.4,124.19999999999999,100.0,656510.0,5098.0,643786.0,7626.0,10425536.0,Europe,Europe,0.05395095500492469
Austria,9006398.0,0.57,51296.00000000001,109.00000000000001,82409.0,64999.999999999985,1.5,43.0,57.0,0.12,High income,0.746739745140076,10.4,72.5,18.9,4688.3,5295.2,0.0,5.1,8.2,109.9,100.0,1170362.0,12553.0,1022661.0,135148.0,111071336.0,Europe,Europe,0.1393786950121458
Papua New Guinea,8947024.0,1.9499999999999997,170915.0,20.0,452860.0,-800.0000000000343,3.6000000000000005,22.000000000000004,12.999999999999998,0.11,Lower middle income,0.42918500304222096,2.0,70.0,7.9,55.2,92.3,22.1,0.1,0.5,2.3,58.040000000000006,35237.0,546.0,34115.0,576.0000000000003,249149.00000000003,Australia/Oceania,WesternPacific,0.006102587854911309
Serbia,8737371.0,-0.4,-34864.00000000002,100.0,87460.0,3999.9999999999936,1.5,42.0,56.0,0.11,Upper middle income,0.676606357097626,9.1,58.0,40.5,494.4,1322.5999999999997,0.1,3.1,6.1,86.7,99.00000000000001,1257025.0,11744.0,1196695.0,48586.0,6830241.0,Europe,Europe,0.134411140376207
Israel,8655535.0,1.6,136158.0,400.0,21640.0,9999.999999999984,3.0,30.000000000000004,93.0,0.11,High income,0.733995318412781,7.3,62.5,23.0,2837.1000000000004,2843.0,1.5,3.2,5.2,75.6,100.0,1344103.0,8199.0,1330366.0,5538.000000000001,31188024.0,Asia,Europe,0.09472551378973108
Switzerland,8654622.0,0.7399999999999998,63257.00000000005,219.0,39516.0,52000.00000000001,1.5,43.0,73.99999999999999,0.11,High income,0.756115138530731,12.2,62.8,29.6,9836.0,7867.400000000001,0.24,4.2,17.3,94.8,100.0,1020311.0,11566.0,862570.0,146175.0,12468877.0,Europe,Europe,0.13363957432225232
Togo,8278724.0,2.43,196358.00000000006,152.0,54390.0,-1999.9999999999968,4.4,19.0,43.0,0.11,Low income,0.431868046522141,6.6,20.0,50.39999999999999,38.8,99.9,20.7,0.0,0.3,0.5,78.0,26272.999999999996,243.0,25915.0,115.00000000000048,580979.0,Africa,Africa,0.002935234946834802
Sierra Leone,7976983.000000001,2.1,163768.00000000003,111.0,72180.0,-4199.999999999957,4.299999999999999,19.0,43.0,0.1,Low income,0.36270210146904,16.5,11.2,41.6,86.3,244.0,41.0,0.0,1.0,0.1,81.0,6402.0,121.0,27062.999999999996,393.79999999999984,160729.0,Africa,Africa,0.0015168642079342526
Laos,7275560.0,1.4800000000000002,106105.0,32.0,230800.0,-14704.000000000022,2.7,24.0,36.0,0.09,Lower middle income,0.456665337085724,2.4,32.4,46.4,55.2,154.6,18.1,0.5,1.0,3.7,73.0,75163.0,178.0,7339.0,67646.00000000001,794815.0,Asia,WesternPacific,0.0024465470699162675
Paraguay,7132538.0,1.2499999999999998,87901.99999999999,18.0,397300.0,-16555.999999999996,2.4,25.999999999999996,62.0,0.09,Upper middle income,0.528180062770844,8.0,51.6,37.9,327.2,767.8000000000001,0.0,1.4,1.2,20.5,69.0,463121.0,16474.0,445856.00000000006,791.0,1951099.0,South America,Americas,0.23096967727336326
Bulgaria,6948445.0,-0.74,-51674.00000000001,64.0,108560.0,-4800.000000000028,1.6,45.0,76.0,0.09,Upper middle income,0.613898158073425,8.2,50.6,48.0,612.5,1577.9,0.96,4.0,5.3,112.7,100.0,697162.0,28542.000000000004,563574.0,105046.0,6604490.0,Europe,Europe,0.41076816467569366
Lebanon,6825445.000000001,-0.43999999999999995,-30268.000000000022,667.0,10230.0,-30011.99999999997,2.1,30.000000000000004,78.0,0.09,Upper middle income,0.515125513076782,8.0,52.1,32.1,662.1000000000001,1147.4,0.8,2.3,2.6,87.4,100.0,672548.0,8735.0,633490.0,30323.0,4795578.0,Asia,EasternMediterranean,0.12797700369719484
Nicaragua,6624554.0,1.21,79052.0,54.99999999999999,120340.0,-21271.999999999967,2.4,25.999999999999996,57.0,0.08,Lower middle income,0.508098244667053,8.7,61.3,32.2,188.2,484.5,4.6,1.0,1.6000000000000003,15.500000000000002,85.0,17254.0,210.0,4225.0,12819.0,1566191.9999999998,North America,Americas,0.0031700247292119595
Kyrgyzstan,6524195.0,1.6899999999999997,108345.00000000001,34.0,191800.0,-3999.9999999999936,3.0,25.999999999999996,36.0,0.08,Lower middle income,0.5966171026229858,6.6,39.1,57.6,72.9,240.2,3.3,1.9,6.400000000000001,50.1,98.0,183404.0,2749.0,178332.0,2322.999999999999,1836380.9999999998,Asia,Europe,0.04213546652115702
El Salvador,6486205.0,0.51,32652.000000000015,313.0,20720.0,-40539.0,2.1,28.0,73.0,0.08,Lower middle income,0.546176612377167,7.0,64.5,27.2,293.9,599.5,2.3,1.6,2.3,22.3,99.00000000000001,119802.99999999999,3778.0,102982.0,13042.999999999996,1440742.0,North America,Americas,0.05824669433050605
Singapore,5850342.000000001,0.7899999999999999,46005.00000000002,8358.0,700.0,27028.000000000033,1.2,42.0,100.0,0.08,High income,0.879125714302063,4.5,54.5,31.2,2462.4,4083.8,0.0,2.3,7.2,31.5,97.36,266049.0,726.0,253068.0,12255.0,21098774.0,Asia,WesternPacific,0.012409530929986654
Denmark,5792202.0,0.35000000000000003,20325.999999999996,137.0,42430.0,15200.00000000003,1.8000000000000003,42.0,88.00000000000001,0.07,High income,0.755094826221466,10.4,84.1,13.7,5565.6,5093.0,0.0,4.5,10.299999999999999,69.0,100.0,492521.0,2909.0,403118.0,86494.0,94201944.0,Europe,Europe,0.05022269596260628
Finland,5540720.0,0.1499999999999999,8564.000000000018,18.0,303890.0,13999.999999999976,1.5,43.0,85.99999999999999,0.07,High income,0.796001017093658,9.5,77.4,20.4,4117.3,4112.1,0.0,3.8,14.7,76.3,100.0,188108.0,1348.0,46000.0,140760.0,7961115.0,Europe,Europe,0.024328968076351088
Congo,5518087.0,2.56,137579.0,16.0,341500.0,-3999.9999999999936,4.5,19.0,69.99999999999999,0.07,Lower middle income,0.41926571726799,4.6,42.3,49.7,70.4,263.3,3.3,0.1,1.7,0.2,96.0,18970.0,354.0,12421.0,6195.0,188207.00000000003,Africa,Africa,0.006415266740085831
Slovakia,5459642.0,0.04999999999999988,2629.000000000008,114.0,48088.0,1484.9999999999711,1.5,41.0,54.0,0.07,High income,0.664987325668335,7.1,79.8,17.8,1178.7,2172.2,0.0,2.5,9.2,53.9,100.0,689618.0,14503.0,563705.0,111410.0,4613592.0,Europe,Europe,0.26564012805235215
Norway,5421241.0,0.7899999999999999,42383.999999999985,15.0,365268.0,27999.999999999953,1.6999999999999997,40.0,82.99999999999999,0.07,High income,0.771051168441772,10.5,85.1,14.5,7477.9,6203.5,0.0,4.6,18.1,67.2,100.0,271623.0,1092.0,88951.99999999999,181579.0,8615687.0,Europe,Europe,0.020142989400397437
Oman,5106626.0,2.65,131639.99999999994,16.0,309500.0,87399.99999999996,2.9,31.0,87.0,0.07,High income,0.6081162691116329,4.3,89.1,5.9,648.3,2826.8,0.0,2.0,4.3,30.499999999999996,100.0,304572.0,4113.0,300011.0,447.9999999999996,25000000.0,Asia,EasternMediterranean,0.08054241685214465
Costa Rica,5094118.0,0.92,46557.0,100.0,51060.0,4199.999999999957,1.8000000000000003,33.0,80.0,0.07,Upper middle income,0.6286350488662721,7.6,74.8,22.1,888.9,1248.5,0.3,1.1,0.8000000000000002,25.499999999999996,100.0,566959.0,7304.999999999999,549108.0,10546.0,2715029.0,North America,Americas,0.14340068290526445
Liberia,5057681.0,2.4399999999999995,120307.00000000003,53.0,96320.0,-4999.999999999992,4.4,19.0,53.00000000000001,0.06,Low income,0.319014221429825,9.6,14.199999999999998,47.3,68.3,133.1,30.1,0.0,0.10000000000000002,0.6,24.599999999999998,5824.0,287.0,5523.0,14.000000000000309,128246.0,Africa,Africa,0.005674537401627346
Ireland,4937786.0,1.13,55290.99999999996,72.0,68890.0,23603.99999999998,1.8000000000000003,38.0,62.99999999999999,0.06,High income,0.792599022388458,7.4,72.1,13.0,4758.6,5299.7,0.0,3.1,14.3,72.0,100.0,573905.0,5707.0,444404.0,123794.0,8983297.0,Europe,Europe,0.11557811537397529
Central African Republic,4829767.0,1.78,84582.00000000003,8.0,622980.0,-40000.00000000002,4.799999999999999,17.999999999999996,43.0,0.06,Low income,0.291631907224655,4.3,14.9,43.1,16.4,29.9,40.9,0.1,0.20000000000000004,0.4,60.99999999999999,11708.0,101.0,6859.000000000001,4748.0,60228.0,Africa,Africa,0.0020911981882355815
New Zealand,4822233.0,0.82,39170.00000000003,18.0,263310.0,14881.00000000002,1.9,38.0,87.0,0.06,High income,0.7759324312210079,9.2,78.7,13.6,3745.2,3664.7,0.0,3.0,11.0,43.0,100.0,11895.0,44.0,5704.0,6147.000000000001,4974179.0,Australia/Oceania,WesternPacific,0.0009124403569881422
Mauritania,4649658.0,2.74,123962.00000000001,5.0,1030699.9999999999,4999.999999999992,4.6,20.0,57.0,0.06,Lower middle income,0.381546080112457,4.2,36.7,50.9,46.8,163.9,8.2,0.2,1.0,1.14,66.0,39339.0,835.0,37627.0,876.9999999999999,506405.00000000006,Africa,Africa,0.01795831005205114
Panama,4314767.0,1.61,68327.99999999996,58.0,74340.0,11200.000000000035,2.5,30.000000000000004,68.0,0.06,Upper middle income,0.501601994037628,7.3,65.6,27.4,1040.7,1750.3,0.7,1.6,1.3999999999999997,26.2,96.0,477990.0,7367.0,467999.99999999994,2622.9999999999995,4244336.0,North America,Americas,0.1707392311102778
Kuwait,4270571.0,1.5099999999999998,63488.000000000015,240.0,17820.0,39519.999999999985,2.1,37.0,100.0,0.05,High income,0.562588036060333,3.9,83.9,16.1,1068.3000000000002,2899.3,0.0,2.6,7.0,34.26,99.6,413383.0,2465.0,410646.0,271.99999999999983,5350472.0,Asia,EasternMediterranean,0.057720618624535217
Croatia,4105267.0,-0.6100000000000001,-25036.999999999993,73.0,55960.0,-8000.999999999974,1.4,44.00000000000001,57.999999999999986,0.05,High income,0.709693968296051,7.2,78.2,15.400000000000002,884.5,1705.2,0.28,3.0,8.1,81.2,100.0,613914.0,10967.0,570933.0,32014.000000000007,3463550.0,Europe,Europe,0.2671446217749053
Moldova,4033963.0,-0.23000000000000007,-9299.999999999993,123.0,32850.0,-1387.0000000000077,1.3,38.0,43.0,0.05,Upper middle income,0.584153532981873,9.0,48.79999999999999,46.3,171.2,480.4,3.7000000000000006,3.2,4.5,86.1,100.0,364433.0,9141.0,363774.0,-8482.0,2210968.0,Europe,Europe,0.22660098766399198
Georgia,3989167.0000000005,-0.19,-7598.000000000004,57.0,69490.0,-9999.999999999984,2.1,38.0,57.999999999999986,0.05,Upper middle income,0.568925797939301,8.4,36.6,55.6,308.0,797.2,2.3,5.1,4.1,130.4,100.0,850102.0,12119.0,792158.0,45825.000000000015,11612050.0,Asia,Europe,0.3037977602842899
Eritrea,3546420.9999999995,1.4099999999999995,49304.00000000002,35.0,101000.0,-39858.000000000015,4.1,19.0,62.99999999999999,0.05,Low income,0.4160275518894196,3.0,29.2,59.1,29.900000000000002,55.300000000000004,11.7,0.12000000000000001,1.02,0.4,75.3,7393.000000000001,60.0,7131.0,202.00000000000034,23693.0,Africa,Africa,0.0016918465123007113
Uruguay,3473730.0,0.35000000000000003,11996.000000000005,20.0,175020.0,-2999.999999999995,2.0,35.99999999999999,96.0,0.04,High income,0.59876024723053,9.1,71.7,17.4,1379.1,1958.9,0.0,5.0,1.9,38.9,100.0,399966.0,6131.0,391663.99999999994,2170.9999999999995,4119025.0,South America,Americas,0.17649615830821624
Bosnia and Herzegovina,3280819.0,-0.6100000000000001,-20181.0,64.0,51000.0,-21584.999999999964,1.3,43.0,51.99999999999999,0.04,Upper middle income,0.57968407869339,9.2,70.8,28.7,443.8,1123.4,0.2,2.0,6.3,32.3,99.60000000000002,275965.0,12628.0,192218.0,71119.0,1401319.0,Europe,Europe,0.3849038913759034
Mongolia,3278290.0,1.65,53123.00000000001,2.0,1553560.0,-851.9999999999768,2.9,28.0,66.99999999999999,0.04,Lower middle income,0.614397525787354,3.8,56.7,35.9,140.7,466.7,3.8999999999999995,2.9,4.0,45.0,99.00000000000001,382523.0,2008.0000000000002,313256.0,67259.0,4030048.0,Asia,WesternPacific,0.06125144511315351
Armenia,2963243.0000000005,0.19,5511.999999999981,103.99999999999999,28470.0,-4998.000000000018,1.8000000000000003,35.0,62.99999999999999,0.04,Upper middle income,0.578998804092407,9.9,16.5,80.6,358.8,876.9,1.6999999999999997,2.9,5.599999999999999,86.7,99.30000000000001,339020.0,7610.0,317765.0,13645.0,2373959.0,Asia,Europe,0.25681322793979433
Jamaica,2961167.0,0.43999999999999995,12888.000000000015,273.0,10830.0,-11331.999999999998,2.0,31.0,55.0,0.04,Upper middle income,0.534977912902832,6.1,60.6,22.399999999999995,296.2,535.7,1.2,1.3,1.1,11.2,98.0,91272.0,2396.0,62666.0,26210.0,673434.0,North America,Americas,0.0809140450369736
Qatar,2881053.0,1.7300000000000002,48986.00000000002,247.99999999999997,11610.0,40000.00000000002,1.9,32.0,96.0,0.04,High income,0.637771606445313,3.1,81.6,8.6,1827.1,3926.1,0.0,0.0,6.6,14.5,100.0,243607.0,611.0,240932.0,2064.0000000000005,3000238.0,Asia,EasternMediterranean,0.021207523776896848
Albania,2877797.0,-0.10999999999999999,-3120.0000000000146,105.0,27400.0,-13999.999999999976,1.6,35.99999999999999,62.99999999999999,0.04,Upper middle income,0.634250938892365,6.7,41.4,58.0,271.5,759.7,0.7,1.2,3.6,11.6,98.39999999999999,200173.0,3101.0,190378.0,6694.0,1395649.0,Europe,Europe,0.10775603699635519
Lithuania,2722289.0,-1.35,-37338.000000000015,43.0,62674.0,-32779.99999999998,1.6999999999999997,45.0,71.0,0.03,High income,0.7060479521751402,6.7,65.6,32.3,987.8999999999999,1978.3,1.0,4.3,7.9,130.9,100.0,472239.0,6759.000000000001,437569.00000000006,27911.0,6168854.000000001,Europe,Europe,0.2482837053670643
Namibia,2540905.0,1.86,46375.0,3.0,823290.0,-4806.000000000038,3.3999999999999995,22.000000000000004,55.0,0.03,Upper middle income,0.446437537670136,9.1,61.89999999999999,7.700000000000001,402.8,969.3,7.0,0.4,2.7999999999999994,6.1,78.0,129243.0,3573.0000000000005,125495.0,174.99999999999974,789822.0,Africa,Africa,0.1406191888323255
Gambia,2416668.0,2.9400000000000004,68962.00000000001,238.99999999999997,10120.0,-3087.0000000000136,5.299999999999999,17.999999999999996,58.99999999999999,0.03,Low income,0.421570628881455,4.4,18.6,23.6,20.9,74.3,43.8,0.1,1.6000000000000003,1.8,72.0,9989.0,342.0,9638.0,9.000000000000199,121854.0,Africa,Africa,0.014151716330087542
Botswana,2351627.0,2.08,47930.0,4.0,566730.0,2999.999999999995,2.9,24.0,73.0,0.03,Upper middle income,0.414028495550156,5.5,55.900000000000006,5.2,379.9,931.3,6.7,0.4,3.3,3.6,88.0,195068.0,2418.0,192048.0,601.9999999999999,1869359.0,Africa,Africa,0.10282242889709976
Gabon,2225734.0,2.4499999999999997,53155.0,9.0,257669.99999999997,3259.999999999975,4.0,23.0,87.0,0.03,Upper middle income,0.45761245489120506,3.1,64.6,22.5,220.4,555.6,0.9,0.4,2.6,6.68,89.6,37342.0,279.0,32296.0,4766.999999999999,1399453.0,Africa,Africa,0.0125351906382344
Lesotho,2142249.0,0.8,16980.999999999996,71.0,30360.0,-10046.99999999999,3.2,24.0,31.0,0.03,Lower middle income,0.400392591953278,8.1,63.8,18.9,85.5,242.69999999999996,17.3,0.1,0.6999999999999998,0.6,43.3,21807.0,663.0,13707.0,7436.999999999999,261223.0,Africa,Africa,0.03094878326469052
North Macedonia,2083374.0,0.0,-84.99999999999496,83.0,25220.0,-999.9999999999984,1.5,39.0,58.99999999999999,0.03,Upper middle income,0.55734920501709,6.3,63.6,35.4,327.80000000000007,934.6000000000001,0.7,2.9,3.8,61.2,100.0,215995.0,7592.0,200293.0,8110.0,1474094.0,Europe,Europe,0.3644088867385309
Slovenia,2078938.0,0.01000000000000009,284.00000000001336,103.0,20140.0,1999.9999999999968,1.6,45.0,55.0,0.03,High income,0.7749869823455812,8.5,72.3,12.0,1834.2,2772.2000000000003,0.08,3.0,9.7,66.7,100.0,423162.0,5240.0,382803.0,35118.99999999999,1943304.0,Europe,Europe,0.2520517687396161
Guinea-Bissau,1968001.0,2.4499999999999997,47078.99999999998,70.0,28120.0,-1399.0000000000286,4.5,19.0,45.00000000000001,0.03,Low income,0.38589386940002435,6.1,44.3,35.4,39.1,98.0,20.3,0.2,1.3999999999999997,0.7200000000000001,24.0,6442.0,148.0,6275.0,19.00000000000042,107174.0,Africa,Africa,0.007520321381950517
Latvia,1886197.9999999998,-1.08,-20545.0,30.0,62200.0,-14836.999999999973,1.6999999999999997,44.00000000000001,69.0,0.02,High income,0.70658141374588,6.2,54.6,44.6,874.2000000000002,1589.7,0.0,3.2,4.8,67.6,100.0,254690.00000000003,4213.0,238043.0,12433.999999999996,5346706.0,Europe,Europe,0.22335937160361746
Bahrain,1701575.0000000002,3.68,60403.00000000001,2239.0,760.0,47800.000000000044,2.0,32.0,89.0,0.02,High income,0.652472019195557,4.9,61.4,27.999999999999996,1099.4000000000003,1866.3,0.0,0.9,2.5,14.4,99.4,277721.0,1394.0,275999.0,328.00000000000006,7421582.000000001,Asia,EasternMediterranean,0.08192409973113145
Equatorial Guinea,1402985.0,3.47,46998.99999999999,50.0,28050.0,15999.999999999975,4.6,22.000000000000004,73.0,0.02,Upper middle income,0.3957867860794068,3.4,23.5,72.8,281.4,838.7,1.2,0.4,0.5,1.3399999999999999,53.99999999999999,13592.0,175.0,13343.0,73.99999999999957,242340.0,Africa,Africa,0.012473404918798133
Trinidad and Tobago,1399488.0,0.32,4514.999999999992,273.0,5130.0,-800.0000000000343,1.6999999999999997,35.99999999999999,51.99999999999999,0.02,High income,0.603487730026245,6.5,52.8,40.1,1063.8000000000002,2180.5,0.1,2.7,3.5,30.9,97.0,72019.0,2177.0,58886.0,10956.0,446771.0,North America,Americas,0.15555688937668632
Estonia,1326535.0,0.07000000000000006,887.000000000001,30.999999999999996,42390.0,3911.000000000001,1.6,42.0,68.0,0.02,High income,0.77720320224762,6.7,75.4,22.7,1185.3,1987.6999999999998,0.2,3.5,6.5,65.0,100.0,223171.00000000003,1802.9999999999998,203863.0,17505.0,2340657.0,Europe,Europe,0.13591801196349887
Timor-Leste,1318445.0,1.96,25326.000000000015,89.0,14870.0,-5385.000000000027,4.1,21.0,33.0,0.02,Lower middle income,0.454314529895783,4.0,55.8,8.9,79.9,121.7,31.599999999999998,0.7,1.7,0.9,60.39999999999999,19822.0,122.00000000000001,19697.0,3.000000000000066,169501.0,Asia,South-EastAsia,0.009253324939606886
Mauritius,1271768.0,0.1700000000000001,2099.999999999978,626.0,2030.0,0.0,1.4,37.0,41.0,0.02,Upper middle income,0.62185925245285,5.7,44.1,48.199999999999996,553.1,1206.7,0.2,2.0,3.4,17.6,78.76,21655.0,455.0,19790.0,1410.0000000000002,358675.0,Africa,Africa,0.03577696561007983
Cyprus,1207359.0,0.73,8783.999999999995,131.0,9240.0,4999.999999999992,1.3,37.0,66.99999999999999,0.02,High income,0.755520224571228,6.9,42.2,44.9,1634.4,2270.8,1.2,2.0,5.3,84.4,100.0,134965.0,598.0,124369.99999999999,9997.000000000002,9477138.0,Asia,Europe,0.04952959310362535
Eswatini,1160164.0,1.05,12033.99999999998,67.0,17200.0,-8352.999999999996,3.0,21.0,30.000000000000004,0.01,Lower middle income,0.37250080704689,7.7,69.3,9.9,220.6,663.3,13.800000000000002,0.1,2.0,0.2,53.99999999999999,46753.0,1248.0,45242.99999999999,261.9999999999996,389769.0,Africa,Africa,0.10757099858295896
Djibouti,988000.0,1.4800000000000002,14439.999999999998,43.0,23180.0,899.9999999999717,2.8,27.0,78.99999999999999,0.01,Lower middle income,0.46856051087379463,3.5,45.8,25.8,70.2,122.1,27.799999999999997,0.2,0.5,4.4,90.48,13504.0,186.0,13294.0,23.999999999999503,247015.99999999997,Africa,EasternMediterranean,0.01882591093117409
Fiji,896445.0,0.73,6491.999999999999,49.0,18270.0,-6202.000000000017,2.8,28.0,58.99999999999999,0.01,Upper middle income,0.508573293685913,3.5,63.900000000000006,20.6,179.89999999999998,313.2,3.1,0.8,2.8999999999999995,5.4,84.0,52532.0,697.0,51077.0,758.0000000000003,461245.0,Australia/Oceania,WesternPacific,0.07775156311876356
Comoros,869601.0,2.1999999999999997,18714.99999999998,467.0,1861.0,-1999.9999999999968,4.199999999999999,20.0,29.0,0.01,Lower middle income,0.40468829870224,7.6,14.6,73.1,59.0,115.80000000000001,10.8,0.2,0.9000000000000002,1.5,87.3,4508.0,150.0,4298.0,60.0000000000003,973276.4,Africa,Africa,0.01724929019170861
Guyana,786552.0,0.48000000000000004,3786.000000000019,4.0,196850.0,-5999.99999999999,2.5,27.0,27.0,0.01,Upper middle income,0.495226472616196,4.2,58.9,35.1,192.3,332.69999999999993,5.9,0.8,1.3,8.8,89.0,37951.0,997.0,35718.0,1236.0000000000007,392287.0,South America,Americas,0.12675576439955655
Bhutan,771608.0,1.12,8515.999999999978,20.0,38117.0,319.9999999999959,2.0,28.0,46.0,0.01,Lower middle income,0.475297033786774,3.5,74.0,20.1,91.3,293.1,4.8,0.4,1.5000000000000002,2.9,100.0,2640.0,3.0,2623.0,14.000000000000309,1244143.0,Asia,South-EastAsia,0.0003887984572477216
Montenegro,628066.0,0.01000000000000009,79.00000000001413,47.0,13450.0,-480.0000000000385,1.8000000000000003,39.0,68.0,0.01,Upper middle income,0.633181810379028,7.6,75.0,24.099999999999998,531.7,1333.8999999999999,0.4,2.3,5.7,64.1,99.00000000000001,157611.0,2310.0,152890.0,2411.000000000001,908915.9999999999,Europe,Europe,0.36779574121191083
Luxembourg,625978.0,1.6599999999999995,10248.999999999989,241.99999999999997,2590.0,9740.99999999999,1.5,40.0,88.00000000000001,0.01,High income,0.686146140098572,6.2,81.2,11.199999999999998,6271.4,6374.2,1.2,3.0,12.3,80.8,100.0,89766.0,876.0,84050.0,4840.0,3693832.0,Europe,Europe,0.13994102029144795
Suriname,586632.0,0.9000000000000001,5260.00000000001,4.0,156000.0,-999.9999999999984,2.4,29.0,64.99999999999999,0.01,Upper middle income,0.5654368698596957,6.1,69.4,21.8,356.1,907.6,1.4,1.2,4.1,35.879999999999995,99.00000000000001,50882.0,1169.0,29574.0,20139.0,160184.0,South America,Americas,0.1992731388672967
Cabo Verde,555987.0,1.1,6052.0,138.0,4029.9999999999995,-1341.9999999999734,2.3,28.0,68.0,0.01,Lower middle income,0.45410645604133615,5.2,56.79999999999999,26.0,159.1,347.6,15.1,0.8,1.2,16.0,91.0,38393.0,350.0,37958.0,84.99999999999982,211166.0,Africa,Africa,0.06295111216629165
Maldives,540544.0,1.8099999999999996,9591.00000000001,1802.0,300.0,11370.000000000036,1.9,30.000000000000004,35.0,0.01,Upper middle income,0.5455145120620728,10.6,72.6,19.1,1047.8,1628.5,0.5,1.0,4.0,4.8,98.8,91750.0,251.00000000000003,89813.0,1686.0000000000002,1754874.0,Asia,South-EastAsia,0.04643470281790197
Malta,441543.0,0.27000000000000013,1171.0000000000143,1380.0,320.0,899.9999999999717,1.5,43.0,93.0,0.01,High income,0.709248304367065,9.3,63.1,34.8,2327.8,3511.1,0.0,3.8,9.0,113.5,100.0,39530.0,468.0,37456.0,1606.0000000000005,1211456.0,Europe,Europe,0.1059919418946739
Brunei,437479.0,0.9700000000000002,4194.000000000024,83.0,5270.0,0.0,1.8000000000000003,32.0,80.0,0.01,High income,0.626391351222992,2.3,94.9,5.1,630.5999999999999,1812.4,0.0,1.8,6.6,34.980000000000004,91.95999999999998,15110.999999999998,97.0,14565.0,448.99999999999966,623500.0,Asia,WesternPacific,0.022172492851085423
Belize,397628.00000000006,1.86,7274.999999999994,17.0,22810.0,1199.9999999999623,2.3,25.0,46.0,0.01,Lower middle income,0.5143755793571472,6.1,66.3,22.9,303.6,541.4,3.8000000000000003,1.1,1.7,10.5,96.0,30517.0,578.0,28860.0,1079.0000000000002,351066.0,North America,Americas,0.14536199664007562
Bahamas,393244.0,0.9700000000000002,3761.9999999999986,39.0,10010.0,999.9999999999984,1.8000000000000003,32.0,85.99999999999999,0.01,High income,0.5562481999397276,6.4,49.9,27.7,1835.2,1435.6,0.4,1.9,3.1000000000000005,21.02,95.8,22802.0,677.0,21614.0,511.0,169024.0,North America,Americas,0.17215774430124808
Iceland,341243.0,0.6500000000000001,2212.0000000000077,3.0,100250.0,380.0000000000119,1.8000000000000003,37.0,94.0,0.0,High income,0.745281875133514,8.3,81.5,16.9,5063.6,4245.1,0.0,4.0,15.7,101.60000000000001,100.0,18055.0,35.0,16488.0,1532.000000000001,1252431.0,Europe,Europe,0.01025662064862869
Vanuatu,307145.0,2.42,7262.999999999984,25.0,12190.0,120.00000000003193,3.8,21.0,24.0,0.0,Lower middle income,0.454658538103104,3.7,53.89999999999999,8.4,109.8,116.1,34.6,0.2,1.3999999999999997,3.2,43.0,6.000000000000001,1.0,3.0,2.000000000000044,23000.0,Australia/Oceania,WesternPacific,0.0003255791238665777
Barbados,287375.0,0.11999999999999994,349.99999999999636,668.0,430.0,-79.00000000003442,1.6,40.0,31.0,0.0,High income,0.5906017065048218,7.0,45.89999999999999,45.2,1163.8,1323.0,1.6999999999999997,2.5,6.000000000000001,17.2,99.00000000000001,25429.000000000004,231.0,22313.000000000004,2885.000000000001,437308.0,North America,Americas,0.08038277511961722
Sao Tome & Principe,219159.0,1.9100000000000001,4103.0,228.0,960.0,-1680.000000000001,4.4,19.0,73.99999999999999,0.0,Lower middle income,0.37884772419929497,6.0,39.9,14.4,105.1,196.9,44.6,0.3,2.3,1.2200000000000002,95.0,3731.0,56.0,3675.0,0.0,14689.0,Africa,Africa,0.02555222464055777
Saint Lucia,183626.99999999997,0.46000000000000013,837.0000000000153,301.0,610.0,0.0,1.4,34.0,19.0,0.0,Upper middle income,0.602564752101898,5.3,42.0,48.7,489.8,677.4,3.7000000000000006,0.1,1.6000000000000003,23.6,92.0,13017.0,280.0,12614.000000000002,122.99999999999963,100538.0,North America,Americas,0.1524830226491747
Grenada,112523.0,0.46000000000000013,519.9999999999862,331.0,340.0,-199.99999999996396,2.1,32.0,35.0,0.0,Upper middle income,0.565070509910584,5.2,41.3,57.79999999999999,516.4,745.1,0.9,1.4,3.1000000000000005,12.6,96.39999999999999,5898.0,199.99999999999997,5624.0,73.99999999999957,87626.0,North America,Americas,0.1777414395279187
St. Vincent & Grenadines,110940.0,0.32,351.0000000000174,284.0,390.0,-199.99999999996396,1.9,33.0,53.00000000000001,0.0,Upper middle income,0.533341825008392,3.6,76.8,20.5,250.2,409.1,0.6,0.7,2.6,23.6,97.80000000000001,5562.0,74.0,4992.0,495.99999999999966,90554.0,North America,Americas,0.06670272219217596
Seychelles,98347.0,0.6199999999999999,607.9999999999959,213.99999999999997,460.0,-199.99999999996396,2.5,34.0,56.0,0.0,High income,0.632779061794281,3.9,96.0,2.1,596.9,1122.6,1.9000000000000001,0.9,3.3,48.6,87.11999999999999,23537.0,127.0,22912.0,497.9999999999997,4789268.0,Africa,Africa,0.12913459485291875
Antigua and Barbuda,97929.0,0.8400000000000001,811.0000000000015,223.0,440.0,0.0,2.0,34.0,25.999999999999996,0.0,High income,0.595703899860382,4.3,60.6,32.2,623.1,976.4,0.0,2.8,3.1000000000000005,13.999999999999998,96.4,4141.0,117.0,4017.9999999999995,6.000000000000132,17782.0,North America,Americas,0.11947431302270012
Isle of Man,85033.0,0.5300000000000002,448.99999999999505,149.0,570.0,0.0,1.5,41.4,53.00000000000001,0.0,High income,0.6871431231498719,6.8,70.88,25.699999999999996,888.6800000000001,1768.42,0.22,1.4,2.3,52.4,85.4,11486.0,66.0,10624.000000000002,795.9999999999991,133676.0,Europe,Europe,0.07761692519374831
Andorra,77265.0,0.16,123.00000000001894,164.0,470.0,0.0,1.38,44.6,88.00000000000001,0.0,High income,0.7159093379974366,10.4,49.099999999999994,41.699999999999996,3834.6999999999994,4978.7,0.06,3.3,4.0,83.1,100.0,17426.0,131.0,16029.0,1265.999999999999,193595.0,Europe,Europe,0.16954636640134602
Dominica,71986.0,0.24999999999999997,178.00000000001282,96.0,750.0,0.0,2.0600000000000005,31.0,73.99999999999999,0.0,Upper middle income,0.544749319553375,5.3,64.3,29.1,419.4,580.7,5.4,1.1,5.9,11.3,96.19999999999999,6028.0,38.0,5615.0,375.00000000000006,109026.0,North America,Americas,0.05278804211930097
Saint Kitts & Nevis,53199.0,0.7100000000000001,376.00000000001023,205.0,260.0,0.0,1.7599999999999998,35.199999999999996,33.0,0.0,High income,0.586181640625,5.7,43.2,51.5,930.8,1479.6,0.0,2.5,4.0,33.5,96.39999999999999,2786.0,28.0,2742.0,16.00000000000035,56774.00000000001,North America,Americas,0.05263256828135867
Monaco,39242.0,0.7100000000000001,277.9999999999841,26337.000000000004,1.0,0.0,1.6600000000000001,41.4,100.0,0.0,High income,0.7596291422843929,1.7,79.6,7.1,2939.8,3019.1,0.04,6.6,20.3,195.6,100.0,3797.0,36.0,3609.9999999999995,151.00000000000026,54960.00000000001,Europe,Europe,0.09173844350440855
San Marino,33931.0,0.20999999999999988,70.99999999999123,566.0,60.0,0.0,1.5999999999999996,42.8,97.00000000000001,0.0,High income,0.749107503890991,6.4,80.4,18.8,3012.8,3832.0,0.04,6.1,8.8,112.9,100.0,5979.0,93.0,5610.0,275.99999999999994,90716.0,Europe,Europe,0.27408564439598004
